-- Synthetic seed data for migrated_graph_to_relational (PostgreSQL)
-- Inserts a small but varied dataset for development and testing.
--
-- Row counts:
--   users: 6, edge_devices: 4, dataset_schemas: 5, model_cards: 10,
--   models: 10, datasheets: 10, raw_images: 20, experiments: 15,
--   experiment_images: 50, deployments: 8
--
-- Usage:
--   psql -d your_database -f db/seed_synthetic_data.sql
--
-- Prerequisites:
--   All tables listed above must already exist.
--   If you need the approval_status enum and status columns, run
--   db/migrate_add_status.sql first.
--   Identity columns must accept explicit values (GENERATED BY DEFAULT).
--   If using GENERATED ALWAYS, add OVERRIDING SYSTEM VALUE after each
--   affected INSERT ... (columns) clause.

BEGIN;

-- Optional: clear existing data (uncomment if you want a clean slate)
-- TRUNCATE TABLE
--   experiment_images,
--   deployments,
--   experiments,
--   raw_images,
--   datasheets,
--   models,
--   model_cards,
--   dataset_schemas,
--   edge_devices,
--   users
-- RESTART IDENTITY CASCADE;

--------------------------------------------------------------------------------
-- 1. users  (text PK, stable slugs)
--------------------------------------------------------------------------------
INSERT INTO users (id) VALUES
  ('nkarthikeyan'),
  ('wqiu'),
  ('jstubbs'),
  ('cgarcia'),
  ('rcardone'),
  ('nfreeman');

--------------------------------------------------------------------------------
-- 1b. edge_devices  (text PK)
--------------------------------------------------------------------------------
INSERT INTO edge_devices (id) VALUES
  ('edge_cam_1'),
  ('edge_cam_2'),
  ('edge_cam_3'),
  ('edge_cam_4');

--------------------------------------------------------------------------------
-- 2. dataset_schemas  (bigint PK, 5 rows covering diverse formats)
--------------------------------------------------------------------------------
INSERT INTO dataset_schemas (id, blob) OVERRIDING SYSTEM VALUE VALUES
  (1, '{"name": "bbox_jpeg_schema", "version": 1, "fields": ["x", "y", "width", "height", "label"], "format": "jpeg"}'),
  (2, '{"name": "segmask_png_schema", "version": 1, "fields": ["mask", "label", "area"], "format": "png"}'),
  (3, '{"name": "tabular_parquet_schema", "version": 1, "fields": ["sensor_id", "window_start", "window_end", "features", "label"], "format": "parquet"}'),
  (4, '{"name": "csv_classification_schema", "version": 1, "fields": ["image_path", "label", "confidence"], "format": "csv"}'),
  (5, '{"name": "timeseries_window_schema", "version": 1, "fields": ["timestamp", "values", "anomaly_flag"], "format": "parquet"}');

--------------------------------------------------------------------------------
-- 3. model_cards  (bigint PK, 10 rows: 8 public / 2 private)
--------------------------------------------------------------------------------
INSERT INTO model_cards (
  id, name, version, is_private,
  short_description, full_description,
  keywords, author, citation,
  input_data, input_type, output_data,
  foundational_model, category, documentation
) OVERRIDING SYSTEM VALUE VALUES
  (1, 'YOLOv5 Detector', '1.0.0', false,
   'Real-time object detector',
   'YOLOv5 model trained on warehouse imagery for pallet and forklift detection.',
   'object detection,warehouse,yolov5', 'Vision Team',
   'Vision Team, 2025. YOLOv5 Warehouse Detector.',
   'Warehouse camera frames', 'image', 'Bounding boxes with labels',
   'YOLOv5-s', 'detection',
   'See internal wiki page for training details.'),
  (2, 'ResNet50 Classifier', '2.1.0', false,
   'General image classifier',
   'ResNet50-based classifier trained on internal labeled product imagery.',
   'classification,resnet50,vision', 'ML Group',
   'ML Group, 2025. ResNet50 Internal Classifier.',
   'Product images', 'image', 'Top-1 and Top-5 labels',
   'ResNet50', 'classification',
   'Deployed in catalog service.'),
  (3, 'EfficientDet Lite', '1.3.0', false,
   'Lightweight detector for edge deployment',
   'EfficientDet-Lite tuned for low-power edge cameras.',
   'detection,edge,efficientdet', 'Vision Team',
   'Vision Team, 2025. EfficientDet Lite for Edge.',
   'Low-res camera frames', 'image', 'Bounding boxes',
   'EfficientDet-D0', 'detection',
   'Optimised for Coral TPU; see edge-deploy guide.'),
  (4, 'MobileNet SSD', '1.0.0', false,
   'Mobile single-shot detector',
   'MobileNetV2-SSD for real-time mobile inference.',
   'detection,mobile,ssd', 'Vision Team',
   'Vision Team, 2025. MobileNet SSD.',
   'Mobile camera frames', 'image', 'Bounding boxes',
   'MobileNetV2', 'detection',
   'Runs on Android via TFLite.'),
  (5, 'Anomaly Detector', '1.2.0', false,
   'Unsupervised anomaly detector',
   'Isolation Forest model for anomaly detection on sensor feature vectors.',
   'anomaly,unsupervised,sensors', 'Analytics Team',
   'Analytics Team, 2025. Sensor Anomaly Detector.',
   'Sensor feature windows', 'vector', 'Anomaly scores',
   'IsolationForest', 'anomaly_detection',
   'Used in monitoring dashboards.'),
  (6, 'Object Counter CNN', '1.0.0', false,
   'Object counting model',
   'Custom CNN that counts objects on conveyor belts from still images.',
   'counting,conveyor,vision', 'Vision Team',
   'Vision Team, 2025. Object Counter.',
   'Conveyor belt frames', 'image', 'Integer object counts',
   'Custom CNN', 'counting',
   'Part of throughput estimation pipeline.'),
  (7, 'Pose Estimator', '0.8.0', false,
   'Human pose estimation model',
   'OpenPose-based model for warehouse safety zone monitoring.',
   'pose,estimation,safety', 'Research Lab',
   'Research Lab, 2025. Warehouse Pose Estimator.',
   'Overhead camera frames', 'image', 'Keypoint coordinates',
   'OpenPose', 'pose_estimation',
   'Under evaluation; not yet production-ready.'),
  (8, 'Depth Estimator', '1.1.0', false,
   'Monocular depth estimation',
   'MiDaS-based depth estimator for spatial awareness on edge devices.',
   'depth,monocular,midas', 'Vision Team',
   'Vision Team, 2025. MiDaS Depth Estimator.',
   'Single camera frames', 'image', 'Depth maps',
   'MiDaS v3', 'depth_estimation',
   'Feeds into obstacle avoidance module.'),
  (9, 'Segmenter V1', '0.9.0', true,
   'Prototype segmentation model',
   'DeepLabV3 semantic segmentation model for floor-space analytics.',
   'segmentation,prototype,floor', 'Research Lab',
   'Research Lab, 2025. Segmenter V1.',
   'Overhead camera frames', 'image', 'Per-pixel labels',
   'DeepLabV3', 'segmentation',
   'Experimental; do not use in production.'),
  (10, 'GAN Augmenter', '0.5.0', true,
   'GAN-based data augmentation',
   'StyleGAN2 model for generating synthetic training images.',
   'gan,augmentation,synthetic', 'Research Lab',
   'Research Lab, 2025. GAN Augmenter.',
   'Seed vectors', 'vector', 'Synthetic images',
   'StyleGAN2', 'augmentation',
   'Rejected due to artefact quality issues.');

--------------------------------------------------------------------------------
-- 4. models  (text PK, 1:1 with model_cards via unique model_card_id)
--------------------------------------------------------------------------------
INSERT INTO models (
  id, name, version, description, owner, location, license,
  framework, model_type, test_accuracy,
  model_metrics, inference_labels, model_structure,
  model_card_id
) VALUES
  ('model_yolov5', 'YOLOv5 Warehouse', '1.0.0',
   'YOLOv5 trained on warehouse dataset.', 'vision-team',
   's3://models/yolov5_warehouse_v1', 'Proprietary',
   'PyTorch', 'object_detection', 0.93210,
   '{"mAP_50": 0.942, "mAP_50_95": 0.812}',
   '["pallet", "forklift", "person"]',
   '{"backbone": "CSPDarknet53", "params_millions": 7.3}',
   1),
  ('model_resnet50', 'ResNet50 Internal', '2.1.0',
   'ResNet50 classifier for internal imagery.', 'ml-group',
   's3://models/resnet50_internal_v2_1', 'Proprietary',
   'PyTorch', 'classification', 0.88765,
   '{"top1": 0.888, "top5": 0.976}',
   '["box", "bag", "pallet", "crate"]',
   '{"backbone": "ResNet50", "params_millions": 25.6}',
   2),
  ('model_effdet', 'EfficientDet Lite', '1.3.0',
   'EfficientDet-Lite for edge cameras.', 'vision-team',
   's3://models/effdet_lite_v1_3', 'Proprietary',
   'TensorFlow', 'object_detection', 0.87120,
   '{"mAP_50": 0.891, "mAP_50_95": 0.745}',
   '["pallet", "forklift", "person", "box"]',
   '{"backbone": "EfficientNet-B0", "params_millions": 3.9}',
   3),
  ('model_mobilenet', 'MobileNet SSD', '1.0.0',
   'MobileNetV2-SSD for real-time mobile inference.', 'vision-team',
   's3://models/mobilenet_ssd_v1', 'Apache-2.0',
   'TensorFlow', 'object_detection', 0.82340,
   '{"mAP_50": 0.845, "mAP_50_95": 0.690}',
   '["pallet", "person"]',
   '{"backbone": "MobileNetV2", "params_millions": 4.3}',
   4),
  ('model_anomaly', 'Sensor Anomaly IF', '1.2.0',
   'Isolation Forest anomaly detector.', 'analytics-team',
   's3://models/anomaly_iforest_v1_2', 'Proprietary',
   'scikit-learn', 'anomaly_detection', 0.75432,
   '{"roc_auc": 0.754, "pr_auc": 0.621}',
   '["normal", "anomaly"]',
   '{"algorithm": "IsolationForest", "n_estimators": 200}',
   5),
  ('model_counter', 'Conveyor Counter CNN', '1.0.0',
   'CNN-based object counter.', 'vision-team',
   's3://models/counter_cnn_v1', 'Proprietary',
   'PyTorch', 'counting', 0.91543,
   '{"mae": 0.42, "rmse": 0.77}',
   '["count"]',
   '{"backbone": "Custom", "params_millions": 3.4}',
   6),
  ('model_pose', 'Warehouse Pose Estimator', '0.8.0',
   'OpenPose-based pose estimator.', 'research-lab',
   's3://models/pose_estimator_v0_8', 'Research-Only',
   'PyTorch', 'pose_estimation', 0.79800,
   '{"pck_50": 0.812, "pck_20": 0.643}',
   '["head", "shoulder", "elbow", "wrist", "hip", "knee", "ankle"]',
   '{"backbone": "OpenPose", "params_millions": 52.3}',
   7),
  ('model_depth', 'MiDaS Depth', '1.1.0',
   'MiDaS monocular depth estimator.', 'vision-team',
   's3://models/midas_depth_v1_1', 'MIT',
   'PyTorch', 'depth_estimation', 0.86210,
   '{"abs_rel": 0.108, "sq_rel": 0.068, "rmse": 0.357}',
   '["depth"]',
   '{"backbone": "MiDaS v3", "params_millions": 104.0}',
   8),
  ('model_segmenter', 'Segmenter V1', '0.9.0',
   'DeepLabV3 semantic segmentation.', 'research-lab',
   's3://models/segmenter_v1', 'Research-Only',
   'TensorFlow', 'segmentation', 0.80234,
   '{"miou": 0.802, "pixel_acc": 0.935}',
   '["floor", "zone", "obstacle"]',
   '{"backbone": "DeepLabV3", "params_millions": 40.1}',
   9),
  ('model_gan_aug', 'GAN Augmenter', '0.5.0',
   'StyleGAN2 synthetic image generator.', 'research-lab',
   's3://models/gan_augmenter_v0_5', 'Research-Only',
   'PyTorch', 'augmentation', 0.60120,
   '{"fid": 42.3, "is_score": 7.8}',
   '["synthetic"]',
   '{"backbone": "StyleGAN2", "params_millions": 24.8}',
   10);

--------------------------------------------------------------------------------
-- 5. datasheets  (bigint PK, 10 rows: 8 public / 2 private)
--    dataset_schema_id has UNIQUE constraint: each schema used at most once
--------------------------------------------------------------------------------
INSERT INTO datasheets (
  identifier, creator, title, publisher, publication_year,
  resource_type, size, format, version, rights, description,
  geo_location, category, is_private, updated_at,
  alternate_identifier, related_identifier,
  model_card_id, dataset_schema_id
) OVERRIDING SYSTEM VALUE VALUES
  (1, 'Vision Team', 'Warehouse Pallet Dataset', 'Internal',
   2025, 'images', '120 GB', 'jpeg', '1.0', 'internal',
   'Annotated warehouse pallet images with bounding boxes.',
   'global', 'warehouse', false,
   '2025-06-10T12:00:00Z', 'WPALLET_V1', NULL,
   1, 1),
  (2, 'ML Group', 'Product Catalog Images', 'Internal',
   2024, 'images', '80 GB', 'jpeg', '2.0', 'internal',
   'Product catalog images with classification labels.',
   'global', 'retail', false,
   '2025-01-15T09:30:00Z', 'PCAT_V2', 'PCAT_V1',
   2, 2),
  (3, 'Vision Team', 'Edge Camera Samples', 'Internal',
   2025, 'images', '15 GB', 'jpeg', '1.0', 'internal',
   'Low-resolution samples from edge cameras with CSV labels.',
   'US', 'edge', false,
   '2025-04-20T14:00:00Z', 'EDGE_SAMPLES_V1', NULL,
   3, 4),
  (4, 'Vision Team', 'Mobile Detection Dataset', 'Internal',
   2025, 'images', '25 GB', 'jpeg', '1.0', 'internal',
   'Mobile-captured frames with bounding box annotations.',
   'US', 'mobile', false,
   '2025-05-18T10:15:00Z', 'MOBILE_DET_V1', NULL,
   4, NULL),
  (5, 'Analytics Team', 'Sensor Windows Dataset', 'Internal',
   2023, 'timeseries', '5 GB', 'parquet', '1.2', 'internal',
   'Aggregated sensor feature windows for anomaly detection.',
   'US', 'sensors', false,
   '2024-11-03T08:20:00Z', 'SENSOR_WIN_V1', NULL,
   5, 3),
  (6, 'Vision Team', 'Conveyor Belt Frames', 'Internal',
   2025, 'images', '60 GB', 'png', '1.0', 'internal',
   'Segmented frames captured from conveyor belts.',
   'US', 'manufacturing', false,
   '2025-09-12T16:05:00Z', 'CONVEYOR_V1', NULL,
   6, NULL),
  (7, 'Research Lab', 'Pose Training Frames', 'Research',
   2025, 'images', '30 GB', 'jpeg', '0.8', 'research-only',
   'Overhead camera frames annotated with keypoints.',
   'EU', 'safety', false,
   '2025-07-20T14:45:00Z', 'POSE_FRAMES_V1', NULL,
   7, NULL),
  (8, 'Vision Team', 'Depth Estimation Pairs', 'Internal',
   2025, 'images', '45 GB', 'png', '1.1', 'internal',
   'RGB-depth image pairs for monocular depth training.',
   'global', 'depth', false,
   '2025-10-01T11:10:00Z', 'DEPTH_PAIRS_V1', NULL,
   8, 5),
  (9, 'Research Lab', 'Floorplan Segmentation Data', 'Research',
   2025, 'images', '40 GB', 'png', '0.9', 'research-only',
   'Prototype segmentation dataset for floorplans.',
   'EU', 'research', true,
   '2025-08-22T13:00:00Z', 'FSEG_V1', NULL,
   9, NULL),
  (10, 'Research Lab', 'Synthetic GAN Outputs', 'Research',
   2025, 'images', '10 GB', 'png', '0.5', 'research-only',
   'Generated images from GAN augmentation experiments.',
   'EU', 'augmentation', true,
   '2025-12-05T10:40:00Z', 'GAN_OUT_V1', NULL,
   10, NULL);

--------------------------------------------------------------------------------
-- 6. raw_images  (uuid PK, 20 rows)
--------------------------------------------------------------------------------
INSERT INTO raw_images (id, image_name, ground_truth) VALUES
  ('00000000-0000-0000-0000-000000000001', 'warehouse_cam1_0001.jpg',
   '{"objects":[{"label":"pallet","bbox":[10,20,80,60]}]}'),
  ('00000000-0000-0000-0000-000000000002', 'warehouse_cam1_0002.jpg',
   '{"objects":[{"label":"pallet","bbox":[15,25,70,55]}]}'),
  ('00000000-0000-0000-0000-000000000003', 'warehouse_cam1_0003.jpg',
   '{"objects":[{"label":"forklift","bbox":[30,40,60,50]}]}'),
  ('00000000-0000-0000-0000-000000000004', 'warehouse_cam1_0004.jpg',
   '{"objects":[{"label":"person","bbox":[22,18,30,80]}]}'),
  ('00000000-0000-0000-0000-000000000005', 'warehouse_cam2_0001.jpg',
   '{"objects":[{"label":"pallet","bbox":[5,30,90,70]},{"label":"box","bbox":[50,10,20,15]}]}'),
  ('00000000-0000-0000-0000-000000000006', 'warehouse_cam2_0002.jpg',
   '{"objects":[{"label":"pallet","bbox":[12,28,75,60]}]}'),
  ('00000000-0000-0000-0000-000000000007', 'warehouse_cam2_0003.jpg',
   '{"objects":[{"label":"forklift","bbox":[35,35,65,55]}]}'),
  ('00000000-0000-0000-0000-000000000008', 'warehouse_cam2_0004.jpg',
   '{"objects":[{"label":"pallet","bbox":[18,22,82,58]}]}'),
  ('00000000-0000-0000-0000-000000000009', 'warehouse_cam3_0001.jpg',
   '{"objects":[{"label":"pallet","bbox":[14,26,78,62]}]}'),
  ('00000000-0000-0000-0000-00000000000a', 'warehouse_cam3_0002.jpg',
   '{"objects":[{"label":"person","bbox":[40,15,28,75]}]}'),
  ('00000000-0000-0000-0000-00000000000b', 'warehouse_cam3_0003.jpg',
   '{"objects":[{"label":"pallet","bbox":[20,32,76,64]}]}'),
  ('00000000-0000-0000-0000-00000000000c', 'warehouse_cam3_0004.jpg',
   '{"objects":[{"label":"forklift","bbox":[28,36,68,52]}]}'),
  ('00000000-0000-0000-0000-00000000000d', 'warehouse_cam4_0001.jpg',
   '{"objects":[{"label":"pallet","bbox":[16,24,74,66]}]}'),
  ('00000000-0000-0000-0000-00000000000e', 'warehouse_cam4_0002.jpg',
   '{"objects":[{"label":"pallet","bbox":[11,21,79,59]}]}'),
  ('00000000-0000-0000-0000-00000000000f', 'warehouse_cam4_0003.jpg',
   '{"objects":[{"label":"person","bbox":[38,17,26,78]}]}'),
  ('00000000-0000-0000-0000-000000000010', 'warehouse_cam4_0004.jpg',
   '{"objects":[{"label":"forklift","bbox":[32,38,64,56]}]}'),
  ('00000000-0000-0000-0000-000000000011', 'warehouse_cam1_0005.jpg',
   '{"objects":[{"label":"pallet","bbox":[19,27,77,63]},{"label":"person","bbox":[60,10,25,72]}]}'),
  ('00000000-0000-0000-0000-000000000012', 'warehouse_cam2_0005.jpg',
   '{"objects":[{"label":"pallet","bbox":[13,23,81,57]}]}'),
  ('00000000-0000-0000-0000-000000000013', 'warehouse_cam3_0005.jpg',
   '{"objects":[{"label":"forklift","bbox":[34,34,66,54]}]}'),
  ('00000000-0000-0000-0000-000000000014', 'warehouse_cam4_0005.jpg',
   '{"objects":[{"label":"pallet","bbox":[17,29,73,67]}]}');

--------------------------------------------------------------------------------
-- 7. experiments  (text PK, 15 rows)
--
--    total_images matches actual experiment_images row count per experiment.
--    Metric invariants:
--      total_ground_truth_objects = true_positives + false_negatives
--      precision = tp / (tp + fp)
--      recall    = tp / (tp + fn)
--      f1_score  = 2*tp / (2*tp + fp + fn)
--------------------------------------------------------------------------------
INSERT INTO experiments (
  id, start_at, submitted_at, executed_at, model_used_at,
  total_images, total_predictions, total_ground_truth_objects,
  true_positives, false_positives, false_negatives,
  precision, recall, f1_score, mean_iou, map_50, map_50_95,
  user_id, edge_device_id, model_id
) VALUES
  -- exp_001: 4 images, tp=9 fp=3 fn=1 gt=10, p=.75 r=.9 f1=18/22=.81818
  ('exp_001', '2025-06-10T10:00:00Z', '2025-06-10T10:05:00Z', '2025-06-10T10:10:00Z', '2025-06-10T10:15:00Z',
   4, 12, 10, 9, 3, 1,
   0.75000, 0.90000, 0.81818, 0.78000, 0.85000, 0.72000,
   'nkarthikeyan', 'edge_cam_1', 'model_yolov5'),
  -- exp_002: 4 images, tp=10 fp=4 fn=1 gt=11, p=10/14 r=10/11 f1=20/25=.8
  ('exp_002', '2025-06-18T09:00:00Z', '2025-06-18T09:04:00Z', '2025-06-18T09:09:00Z', '2025-06-18T09:12:00Z',
   4, 14, 11, 10, 4, 1,
   0.71429, 0.90909, 0.80000, 0.77500, 0.84000, 0.71000,
   'wqiu', 'edge_cam_2', 'model_yolov5'),
  -- exp_003: 4 images, tp=8 fp=2 fn=1 gt=9, p=.8 r=8/9 f1=16/19=.84211
  ('exp_003', '2025-07-05T11:00:00Z', '2025-07-05T11:03:00Z', '2025-07-05T11:08:00Z', '2025-07-05T11:11:00Z',
   4, 10, 9, 8, 2, 1,
   0.80000, 0.88889, 0.84211, 0.80000, 0.87000, 0.74000,
   'jstubbs', 'edge_cam_3', 'model_resnet50'),
  -- exp_004: 4 images, tp=9 fp=2 fn=1 gt=10, p=9/11 r=.9 f1=18/21=.85714
  ('exp_004', '2025-07-20T08:30:00Z', '2025-07-20T08:33:00Z', '2025-07-20T08:38:00Z', '2025-07-20T08:41:00Z',
   4, 11, 10, 9, 2, 1,
   0.81818, 0.90000, 0.85714, 0.81000, 0.88000, 0.75000,
   'cgarcia', 'edge_cam_4', 'model_resnet50'),
  -- exp_005: 4 images, tp=9 fp=4 fn=1 gt=10, p=9/13 r=.9 f1=18/23=.78261
  ('exp_005', '2025-08-02T14:00:00Z', '2025-08-02T14:04:00Z', '2025-08-02T14:09:00Z', '2025-08-02T14:12:00Z',
   4, 13, 10, 9, 4, 1,
   0.69231, 0.90000, 0.78261, 0.76000, 0.83000, 0.70000,
   'rcardone', 'edge_cam_1', 'model_effdet'),
  -- exp_006: 3 images, tp=6 fp=2 fn=1 gt=7, p=.75 r=6/7 f1=12/15=.8
  ('exp_006', '2025-08-15T15:00:00Z', '2025-08-15T15:02:00Z', '2025-08-15T15:06:00Z', '2025-08-15T15:08:00Z',
   3, 8, 7, 6, 2, 1,
   0.75000, 0.85714, 0.80000, 0.75000, 0.82000, 0.69000,
   'nfreeman', 'edge_cam_2', 'model_mobilenet'),
  -- exp_007: 3 images, tp=7 fp=2 fn=1 gt=8, p=7/9 r=7/8 f1=14/17=.82353
  ('exp_007', '2025-09-01T09:30:00Z', '2025-09-01T09:33:00Z', '2025-09-01T09:37:00Z', '2025-09-01T09:39:00Z',
   3, 9, 8, 7, 2, 1,
   0.77778, 0.87500, 0.82353, 0.77000, 0.84000, 0.71000,
   'nkarthikeyan', 'edge_cam_3', 'model_anomaly'),
  -- exp_008: 3 images, tp=7 fp=3 fn=1 gt=8, p=.7 r=7/8 f1=14/18=.77778
  ('exp_008', '2025-09-15T13:00:00Z', '2025-09-15T13:03:00Z', '2025-09-15T13:07:00Z', '2025-09-15T13:09:00Z',
   3, 10, 8, 7, 3, 1,
   0.70000, 0.87500, 0.77778, 0.74000, 0.81000, 0.68000,
   'wqiu', 'edge_cam_4', 'model_counter'),
  -- exp_009: 3 images, tp=6 fp=3 fn=1 gt=7, p=6/9 r=6/7 f1=12/16=.75
  ('exp_009', '2025-10-05T10:15:00Z', '2025-10-05T10:18:00Z', '2025-10-05T10:22:00Z', '2025-10-05T10:24:00Z',
   3, 9, 7, 6, 3, 1,
   0.66667, 0.85714, 0.75000, 0.73000, 0.80000, 0.67000,
   'jstubbs', 'edge_cam_1', 'model_pose'),
  -- exp_010: 3 images, tp=6 fp=2 fn=1 gt=7, p=.75 r=6/7 f1=12/15=.8
  ('exp_010', '2025-10-20T16:00:00Z', '2025-10-20T16:03:00Z', '2025-10-20T16:07:00Z', '2025-10-20T16:09:00Z',
   3, 8, 7, 6, 2, 1,
   0.75000, 0.85714, 0.80000, 0.76000, 0.83000, 0.70000,
   'cgarcia', 'edge_cam_2', 'model_depth'),
  -- exp_011: 3 images, tp=7 fp=3 fn=1 gt=8, p=.7 r=7/8 f1=14/18=.77778
  ('exp_011', '2025-11-01T09:00:00Z', '2025-11-01T09:02:00Z', '2025-11-01T09:06:00Z', '2025-11-01T09:08:00Z',
   3, 10, 8, 7, 3, 1,
   0.70000, 0.87500, 0.77778, 0.75000, 0.82000, 0.69000,
   'rcardone', 'edge_cam_3', 'model_yolov5'),
  -- exp_012: 3 images, tp=5 fp=2 fn=1 gt=6, p=5/7 r=5/6 f1=10/13=.76923
  ('exp_012', '2025-11-10T11:30:00Z', '2025-11-10T11:33:00Z', '2025-11-10T11:37:00Z', '2025-11-10T11:39:00Z',
   3, 7, 6, 5, 2, 1,
   0.71429, 0.83333, 0.76923, 0.72000, 0.79000, 0.66000,
   'nfreeman', 'edge_cam_4', 'model_segmenter'),
  -- exp_013: 3 images, tp=5 fp=3 fn=1 gt=6, p=5/8 r=5/6 f1=10/14=.71429
  ('exp_013', '2025-11-20T14:00:00Z', '2025-11-20T14:02:00Z', '2025-11-20T14:06:00Z', '2025-11-20T14:08:00Z',
   3, 8, 6, 5, 3, 1,
   0.62500, 0.83333, 0.71429, 0.70000, 0.77000, 0.64000,
   'nkarthikeyan', 'edge_cam_1', 'model_gan_aug'),
  -- exp_014: 3 images, tp=7 fp=2 fn=1 gt=8, p=7/9 r=7/8 f1=14/17=.82353
  ('exp_014', '2025-12-01T10:30:00Z', '2025-12-01T10:33:00Z', '2025-12-01T10:37:00Z', '2025-12-01T10:39:00Z',
   3, 9, 8, 7, 2, 1,
   0.77778, 0.87500, 0.82353, 0.78000, 0.85000, 0.72000,
   'wqiu', 'edge_cam_2', 'model_resnet50'),
  -- exp_015: 3 images, tp=8 fp=3 fn=1 gt=9, p=8/11 r=8/9 f1=16/20=.8
  ('exp_015', '2025-12-10T12:00:00Z', '2025-12-10T12:03:00Z', '2025-12-10T12:07:00Z', '2025-12-10T12:09:00Z',
   3, 11, 9, 8, 3, 1,
   0.72727, 0.88889, 0.80000, 0.76000, 0.83000, 0.70000,
   'jstubbs', 'edge_cam_3', 'model_effdet');

--------------------------------------------------------------------------------
-- 8. experiment_images  (bigint PK, 50 rows)
--    Each (experiment_id, raw_image_id) pair is unique.
--    Image reuse across experiments is intentional.
--------------------------------------------------------------------------------
INSERT INTO experiment_images (
  id, experiment_id, raw_image_id,
  image_count, image_received_at, image_scored_at, image_store_deleted_at,
  image_decision, top_label, top_probability, ingested_at, scores
) OVERRIDING SYSTEM VALUE VALUES
  -- exp_001 (4 images: 01-04)
  (1,  'exp_001', '00000000-0000-0000-0000-000000000001',
   1, '2025-06-10T10:00:10Z', '2025-06-10T10:00:12Z', NULL,
   'accept', 'pallet',   0.9432100, '2025-06-10T10:00:13Z',
   '{"pallet": 0.9432100, "forklift": 0.0312000, "background": 0.0255900}'),
  (2,  'exp_001', '00000000-0000-0000-0000-000000000002',
   1, '2025-06-10T10:00:20Z', '2025-06-10T10:00:22Z', NULL,
   'accept', 'pallet',   0.9187600, '2025-06-10T10:00:23Z',
   '{"pallet": 0.9187600, "forklift": 0.0456000, "background": 0.0356400}'),
  (3,  'exp_001', '00000000-0000-0000-0000-000000000003',
   1, '2025-06-10T10:00:30Z', '2025-06-10T10:00:32Z', NULL,
   'accept', 'forklift', 0.9034500, '2025-06-10T10:00:33Z',
   '{"forklift": 0.9034500, "pallet": 0.0612000, "background": 0.0353500}'),
  (4,  'exp_001', '00000000-0000-0000-0000-000000000004',
   1, '2025-06-10T10:00:40Z', '2025-06-10T10:00:42Z', NULL,
   'accept', 'person',   0.9345600, '2025-06-10T10:00:43Z',
   '{"person": 0.9345600, "pallet": 0.0321000, "background": 0.0333400}'),

  -- exp_002 (4 images: 05-08)
  (5,  'exp_002', '00000000-0000-0000-0000-000000000005',
   1, '2025-06-18T09:00:10Z', '2025-06-18T09:00:12Z', NULL,
   'accept', 'pallet',   0.9211100, '2025-06-18T09:00:13Z',
   '{"pallet": 0.9211100, "box": 0.0512000, "background": 0.0276900}'),
  (6,  'exp_002', '00000000-0000-0000-0000-000000000006',
   1, '2025-06-18T09:00:20Z', '2025-06-18T09:00:22Z', NULL,
   'accept', 'pallet',   0.9076500, '2025-06-18T09:00:23Z',
   '{"pallet": 0.9076500, "forklift": 0.0611000, "background": 0.0312500}'),
  (7,  'exp_002', '00000000-0000-0000-0000-000000000007',
   1, '2025-06-18T09:00:30Z', '2025-06-18T09:00:32Z', NULL,
   'accept', 'forklift', 0.8965400, '2025-06-18T09:00:33Z',
   '{"forklift": 0.8965400, "pallet": 0.0678000, "background": 0.0356600}'),
  (8,  'exp_002', '00000000-0000-0000-0000-000000000008',
   1, '2025-06-18T09:00:40Z', '2025-06-18T09:00:42Z', NULL,
   'accept', 'pallet',   0.9154300, '2025-06-18T09:00:43Z',
   '{"pallet": 0.9154300, "forklift": 0.0498000, "background": 0.0347700}'),

  -- exp_003 (4 images: 09-0c)
  (9,  'exp_003', '00000000-0000-0000-0000-000000000009',
   1, '2025-07-05T11:00:10Z', '2025-07-05T11:00:12Z', NULL,
   'accept', 'pallet',   0.9222300, '2025-07-05T11:00:13Z',
   '{"pallet": 0.9222300, "crate": 0.0445000, "background": 0.0332700}'),
  (10, 'exp_003', '00000000-0000-0000-0000-00000000000a',
   1, '2025-07-05T11:00:20Z', '2025-07-05T11:00:22Z', NULL,
   'accept', 'person',   0.9101200, '2025-07-05T11:00:23Z',
   '{"person": 0.9101200, "pallet": 0.0556000, "background": 0.0342800}'),
  (11, 'exp_003', '00000000-0000-0000-0000-00000000000b',
   1, '2025-07-05T11:00:30Z', '2025-07-05T11:00:32Z', NULL,
   'accept', 'pallet',   0.9056700, '2025-07-05T11:00:33Z',
   '{"pallet": 0.9056700, "crate": 0.0612000, "background": 0.0331300}'),
  (12, 'exp_003', '00000000-0000-0000-0000-00000000000c',
   1, '2025-07-05T11:00:40Z', '2025-07-05T11:00:42Z', NULL,
   'accept', 'forklift', 0.8889900, '2025-07-05T11:00:43Z',
   '{"forklift": 0.8889900, "pallet": 0.0721000, "background": 0.0389100}'),

  -- exp_004 (4 images: 0d-10)
  (13, 'exp_004', '00000000-0000-0000-0000-00000000000d',
   1, '2025-07-20T08:30:10Z', '2025-07-20T08:30:12Z', NULL,
   'accept', 'pallet',   0.9177700, '2025-07-20T08:30:13Z',
   '{"pallet": 0.9177700, "box": 0.0489000, "background": 0.0333300}'),
  (14, 'exp_004', '00000000-0000-0000-0000-00000000000e',
   1, '2025-07-20T08:30:20Z', '2025-07-20T08:30:22Z', NULL,
   'accept', 'pallet',   0.9088800, '2025-07-20T08:30:23Z',
   '{"pallet": 0.9088800, "bag": 0.0567000, "background": 0.0344200}'),
  (15, 'exp_004', '00000000-0000-0000-0000-00000000000f',
   1, '2025-07-20T08:30:30Z', '2025-07-20T08:30:32Z', NULL,
   'accept', 'person',   0.9012300, '2025-07-20T08:30:33Z',
   '{"person": 0.9012300, "pallet": 0.0612000, "background": 0.0375700}'),
  (16, 'exp_004', '00000000-0000-0000-0000-000000000010',
   1, '2025-07-20T08:30:40Z', '2025-07-20T08:30:42Z', NULL,
   'accept', 'forklift', 0.8934500, '2025-07-20T08:30:43Z',
   '{"forklift": 0.8934500, "pallet": 0.0689000, "background": 0.0376500}'),

  -- exp_005 (4 images: 11-14)
  (17, 'exp_005', '00000000-0000-0000-0000-000000000011',
   1, '2025-08-02T14:00:10Z', '2025-08-02T14:00:12Z', NULL,
   'accept', 'pallet',   0.9287600, '2025-08-02T14:00:13Z',
   '{"pallet": 0.9287600, "person": 0.0412000, "background": 0.0300400}'),
  (18, 'exp_005', '00000000-0000-0000-0000-000000000012',
   1, '2025-08-02T14:00:20Z', '2025-08-02T14:00:22Z', NULL,
   'accept', 'pallet',   0.9198700, '2025-08-02T14:00:23Z',
   '{"pallet": 0.9198700, "forklift": 0.0467000, "background": 0.0334300}'),
  (19, 'exp_005', '00000000-0000-0000-0000-000000000013',
   1, '2025-08-02T14:00:30Z', '2025-08-02T14:00:32Z', NULL,
   'accept', 'forklift', 0.9077700, '2025-08-02T14:00:33Z',
   '{"forklift": 0.9077700, "pallet": 0.0578000, "background": 0.0344300}'),
  (20, 'exp_005', '00000000-0000-0000-0000-000000000014',
   1, '2025-08-02T14:00:40Z', '2025-08-02T14:00:42Z', NULL,
   'accept', 'pallet',   0.9143200, '2025-08-02T14:00:43Z',
   '{"pallet": 0.9143200, "forklift": 0.0512000, "background": 0.0344800}'),

  -- exp_006 (3 images: 01-03)
  (21, 'exp_006', '00000000-0000-0000-0000-000000000001',
   1, '2025-08-15T15:00:10Z', '2025-08-15T15:00:12Z', NULL,
   'accept', 'pallet',   0.8821100, '2025-08-15T15:00:13Z',
   '{"pallet": 0.8821100, "background": 0.1178900}'),
  (22, 'exp_006', '00000000-0000-0000-0000-000000000002',
   1, '2025-08-15T15:00:20Z', '2025-08-15T15:00:22Z', NULL,
   'accept', 'pallet',   0.8699900, '2025-08-15T15:00:23Z',
   '{"pallet": 0.8699900, "background": 0.1300100}'),
  (23, 'exp_006', '00000000-0000-0000-0000-000000000003',
   1, '2025-08-15T15:00:30Z', '2025-08-15T15:00:32Z', NULL,
   'reject', 'forklift', 0.5512300, '2025-08-15T15:00:33Z',
   '{"forklift": 0.5512300, "pallet": 0.3211000, "background": 0.1276700}'),

  -- exp_007 (3 images: 04-06)
  (24, 'exp_007', '00000000-0000-0000-0000-000000000004',
   1, '2025-09-01T09:30:10Z', '2025-09-01T09:30:12Z', NULL,
   'accept', 'person',   0.9144400, '2025-09-01T09:30:13Z',
   '{"person": 0.9144400, "background": 0.0855600}'),
  (25, 'exp_007', '00000000-0000-0000-0000-000000000005',
   1, '2025-09-01T09:30:20Z', '2025-09-01T09:30:22Z', NULL,
   'accept', 'pallet',   0.9200000, '2025-09-01T09:30:23Z',
   '{"pallet": 0.9200000, "box": 0.0489000, "background": 0.0311000}'),
  (26, 'exp_007', '00000000-0000-0000-0000-000000000006',
   1, '2025-09-01T09:30:30Z', '2025-09-01T09:30:32Z', NULL,
   'accept', 'pallet',   0.9100000, '2025-09-01T09:30:33Z',
   '{"pallet": 0.9100000, "forklift": 0.0567000, "background": 0.0333000}'),

  -- exp_008 (3 images: 07-09)
  (27, 'exp_008', '00000000-0000-0000-0000-000000000007',
   1, '2025-09-15T13:00:10Z', '2025-09-15T13:00:12Z', NULL,
   'accept', 'forklift', 0.9000000, '2025-09-15T13:00:13Z',
   '{"forklift": 0.9000000, "pallet": 0.0650000, "background": 0.0350000}'),
  (28, 'exp_008', '00000000-0000-0000-0000-000000000008',
   1, '2025-09-15T13:00:20Z', '2025-09-15T13:00:22Z', NULL,
   'accept', 'pallet',   0.9050000, '2025-09-15T13:00:23Z',
   '{"pallet": 0.9050000, "forklift": 0.0612000, "background": 0.0338000}'),
  (29, 'exp_008', '00000000-0000-0000-0000-000000000009',
   1, '2025-09-15T13:00:30Z', '2025-09-15T13:00:32Z', NULL,
   'accept', 'pallet',   0.9166600, '2025-09-15T13:00:33Z',
   '{"pallet": 0.9166600, "forklift": 0.0501000, "background": 0.0332400}'),

  -- exp_009 (3 images: 0a-0c)
  (30, 'exp_009', '00000000-0000-0000-0000-00000000000a',
   1, '2025-10-05T10:15:10Z', '2025-10-05T10:15:12Z', NULL,
   'accept', 'person',   0.8788800, '2025-10-05T10:15:13Z',
   '{"person": 0.8788800, "background": 0.1211200}'),
  (31, 'exp_009', '00000000-0000-0000-0000-00000000000b',
   1, '2025-10-05T10:15:20Z', '2025-10-05T10:15:22Z', NULL,
   'accept', 'pallet',   0.8999900, '2025-10-05T10:15:23Z',
   '{"pallet": 0.8999900, "forklift": 0.0612000, "background": 0.0388100}'),
  (32, 'exp_009', '00000000-0000-0000-0000-00000000000c',
   1, '2025-10-05T10:15:30Z', '2025-10-05T10:15:32Z', NULL,
   'uncertain', 'forklift', 0.6122200, '2025-10-05T10:15:33Z',
   '{"forklift": 0.6122200, "pallet": 0.2900000, "background": 0.0977800}'),

  -- exp_010 (3 images: 0d-0f)
  (33, 'exp_010', '00000000-0000-0000-0000-00000000000d',
   1, '2025-10-20T16:00:10Z', '2025-10-20T16:00:12Z', NULL,
   'accept', 'pallet',   0.9188800, '2025-10-20T16:00:13Z',
   '{"pallet": 0.9188800, "forklift": 0.0478000, "background": 0.0333200}'),
  (34, 'exp_010', '00000000-0000-0000-0000-00000000000e',
   1, '2025-10-20T16:00:20Z', '2025-10-20T16:00:22Z', NULL,
   'accept', 'pallet',   0.9077700, '2025-10-20T16:00:23Z',
   '{"pallet": 0.9077700, "forklift": 0.0589000, "background": 0.0333300}'),
  (35, 'exp_010', '00000000-0000-0000-0000-00000000000f',
   1, '2025-10-20T16:00:30Z', '2025-10-20T16:00:32Z', '2025-12-01T00:00:00Z',
   'accept', 'person',   0.9065400, '2025-10-20T16:00:33Z',
   '{"person": 0.9065400, "pallet": 0.0578000, "background": 0.0356600}'),

  -- exp_011 (3 images: 10-12)
  (36, 'exp_011', '00000000-0000-0000-0000-000000000010',
   1, '2025-11-01T09:00:10Z', '2025-11-01T09:00:12Z', NULL,
   'accept', 'forklift', 0.8922200, '2025-11-01T09:00:13Z',
   '{"forklift": 0.8922200, "pallet": 0.0711000, "background": 0.0366800}'),
  (37, 'exp_011', '00000000-0000-0000-0000-000000000011',
   1, '2025-11-01T09:00:20Z', '2025-11-01T09:00:22Z', NULL,
   'accept', 'pallet',   0.9022200, '2025-11-01T09:00:23Z',
   '{"pallet": 0.9022200, "person": 0.0612000, "background": 0.0365800}'),
  (38, 'exp_011', '00000000-0000-0000-0000-000000000012',
   1, '2025-11-01T09:00:30Z', '2025-11-01T09:00:32Z', NULL,
   'accept', 'pallet',   0.8991100, '2025-11-01T09:00:33Z',
   '{"pallet": 0.8991100, "forklift": 0.0645000, "background": 0.0363900}'),

  -- exp_012 (3 images: 13, 14, 01)
  (39, 'exp_012', '00000000-0000-0000-0000-000000000013',
   1, '2025-11-10T11:30:10Z', '2025-11-10T11:30:12Z', NULL,
   'accept', 'forklift', 0.8643200, '2025-11-10T11:30:13Z',
   '{"forklift": 0.8643200, "pallet": 0.0912000, "background": 0.0444800}'),
  (40, 'exp_012', '00000000-0000-0000-0000-000000000014',
   1, '2025-11-10T11:30:20Z', '2025-11-10T11:30:22Z', NULL,
   'accept', 'pallet',   0.8812300, '2025-11-10T11:30:23Z',
   '{"pallet": 0.8812300, "forklift": 0.0778000, "background": 0.0409700}'),
  (41, 'exp_012', '00000000-0000-0000-0000-000000000001',
   1, '2025-11-10T11:30:30Z', '2025-11-10T11:30:32Z', '2025-12-15T00:00:00Z',
   'accept', 'pallet',   0.8556700, '2025-11-10T11:30:33Z',
   '{"pallet": 0.8556700, "forklift": 0.0989000, "background": 0.0454300}'),

  -- exp_013 (3 images: 02-04)
  (42, 'exp_013', '00000000-0000-0000-0000-000000000002',
   1, '2025-11-20T14:00:10Z', '2025-11-20T14:00:12Z', NULL,
   'accept', 'pallet',   0.7823400, '2025-11-20T14:00:13Z',
   '{"pallet": 0.7823400, "forklift": 0.1234000, "background": 0.0942600}'),
  (43, 'exp_013', '00000000-0000-0000-0000-000000000003',
   1, '2025-11-20T14:00:20Z', '2025-11-20T14:00:22Z', NULL,
   'reject', 'forklift', 0.4998700, '2025-11-20T14:00:23Z',
   '{"forklift": 0.4998700, "pallet": 0.3456000, "background": 0.1545300}'),
  (44, 'exp_013', '00000000-0000-0000-0000-000000000004',
   1, '2025-11-20T14:00:30Z', '2025-11-20T14:00:32Z', NULL,
   'accept', 'person',   0.8100100, '2025-11-20T14:00:33Z',
   '{"person": 0.8100100, "pallet": 0.1200000, "background": 0.0699900}'),

  -- exp_014 (3 images: 05-07)
  (45, 'exp_014', '00000000-0000-0000-0000-000000000005',
   1, '2025-12-01T10:30:10Z', '2025-12-01T10:30:12Z', NULL,
   'accept', 'pallet',   0.9250000, '2025-12-01T10:30:13Z',
   '{"pallet": 0.9250000, "box": 0.0450000, "background": 0.0300000}'),
  (46, 'exp_014', '00000000-0000-0000-0000-000000000006',
   1, '2025-12-01T10:30:20Z', '2025-12-01T10:30:22Z', NULL,
   'accept', 'pallet',   0.9180000, '2025-12-01T10:30:23Z',
   '{"pallet": 0.9180000, "forklift": 0.0490000, "background": 0.0330000}'),
  (47, 'exp_014', '00000000-0000-0000-0000-000000000007',
   1, '2025-12-01T10:30:30Z', '2025-12-01T10:30:32Z', NULL,
   'accept', 'forklift', 0.9010000, '2025-12-01T10:30:33Z',
   '{"forklift": 0.9010000, "pallet": 0.0620000, "background": 0.0370000}'),

  -- exp_015 (3 images: 08-0a)
  (48, 'exp_015', '00000000-0000-0000-0000-000000000008',
   1, '2025-12-10T12:00:10Z', '2025-12-10T12:00:12Z', NULL,
   'accept', 'pallet',   0.9112300, '2025-12-10T12:00:13Z',
   '{"pallet": 0.9112300, "forklift": 0.0545000, "background": 0.0342700}'),
  (49, 'exp_015', '00000000-0000-0000-0000-000000000009',
   1, '2025-12-10T12:00:20Z', '2025-12-10T12:00:22Z', NULL,
   'accept', 'pallet',   0.9056700, '2025-12-10T12:00:23Z',
   '{"pallet": 0.9056700, "forklift": 0.0601000, "background": 0.0342300}'),
  (50, 'exp_015', '00000000-0000-0000-0000-00000000000a',
   1, '2025-12-10T12:00:30Z', '2025-12-10T12:00:32Z', NULL,
   'accept', 'person',   0.8843200, '2025-12-10T12:00:33Z',
   '{"person": 0.8843200, "pallet": 0.0789000, "background": 0.0367800}');

--------------------------------------------------------------------------------
-- 9. deployments  (text PK = experiment_id, 8 rows)
--------------------------------------------------------------------------------
INSERT INTO deployments (experiment_id, started_at) VALUES
  ('exp_001', '2025-06-11T08:00:00Z'),
  ('exp_003', '2025-07-06T08:00:00Z'),
  ('exp_005', '2025-08-03T08:00:00Z'),
  ('exp_006', '2025-08-16T08:00:00Z'),
  ('exp_008', '2025-09-16T08:00:00Z'),
  ('exp_010', '2025-10-21T08:00:00Z'),
  ('exp_011', '2025-11-02T08:00:00Z'),
  ('exp_014', '2025-12-02T08:00:00Z');

--------------------------------------------------------------------------------
-- Reset sequences so next auto-generated IDs continue after our explicit values
--------------------------------------------------------------------------------
SELECT setval(
  pg_get_serial_sequence('dataset_schemas', 'id')::regclass,
  COALESCE((SELECT MAX(id)::bigint FROM dataset_schemas), 1),
  (SELECT MAX(id) IS NOT NULL FROM dataset_schemas)
);

SELECT setval(
  pg_get_serial_sequence('model_cards', 'id')::regclass,
  COALESCE((SELECT MAX(id)::bigint FROM model_cards), 1),
  (SELECT MAX(id) IS NOT NULL FROM model_cards)
);

SELECT setval(
  pg_get_serial_sequence('datasheets', 'identifier')::regclass,
  COALESCE((SELECT MAX(identifier)::bigint FROM datasheets), 1),
  (SELECT MAX(identifier) IS NOT NULL FROM datasheets)
);

SELECT setval(
  pg_get_serial_sequence('experiment_images', 'id')::regclass,
  COALESCE((SELECT MAX(id)::bigint FROM experiment_images), 1),
  (SELECT MAX(id) IS NOT NULL FROM experiment_images)
);

--------------------------------------------------------------------------------
-- Optional: set approval statuses.
-- Uncomment AFTER running db/migrate_add_status.sql to add the status column.
--------------------------------------------------------------------------------
-- UPDATE model_cards SET status = 'approved' WHERE id IN (1,2,3,4,5,6,8);
-- UPDATE model_cards SET status = 'pending'  WHERE id IN (7,9);
-- UPDATE model_cards SET status = 'rejected' WHERE id = 10;
--
-- UPDATE datasheets SET status = 'approved' WHERE identifier IN (1,2,3,5,6,7);
-- UPDATE datasheets SET status = 'pending'  WHERE identifier IN (4,9,10);
-- UPDATE datasheets SET status = 'rejected' WHERE identifier = 8;

COMMIT;
